hip,ra,dec,mag,spect,con,proper,dist,bayer
677,0.139791,29.090432,2.07,B9p,And,Alpheratz,29.7442,Alp
3092,0.655462,30.861024,3.27,K3III...,And,,32.352,Del
3881,0.830234,41.078911,4.53,B5V SB,And,,189.3939,Nu
4436,0.945885,38.499345,3.86,A5V,And,,39.7772,Mu
5447,1.162194,35.620558,2.07,M0IIIvar,And,Mirach,60.5327,Bet
8832,1.89217,19.293852,3.88,A1p Si,Ari,Mesarthim,50.3018,Gam-2
8903,1.910668,20.808035,2.64,A5V...,Ari,Sheratan,17.9856,Bet
9640,2.064984,42.329725,2.1,B8V,And,Almach,120.4819,Gam-1
9884,2.119555,23.462423,2.01,K2III,Ari,Hamal,20.1776,Alp
11767,2.52975,89.264109,1.97,F7:Ib-IIv SB,UMi,Polaris,132.626,Alp
13209,2.833063,27.260507,3.61,B8Vn,Ari,Bharani,50.7872,
13254,2.843063,38.318644,4.22,F2III,Per,,37.0233,
13268,2.844945,55.895496,3.77,K3Ib comp SB,Per,Miram,269.5418,Eta
14328,3.079942,53.50644,2.91,G8III+...,Per,,74.5712,Gam
14354,3.08627,38.840274,3.32,M3IIIvar,Per,,94.3396,Rho
14576,3.136148,40.955648,2.09,B8V,Per,Algol,27.571,Bet
15863,3.405378,49.86118,1.79,F5Ib,Per,Mirfak,155.2795,Alp
17358,3.715416,47.787551,3.01,B5III SB,Per,,158.2278,Del
17448,3.738648,32.288248,3.84,B1III,Per,Atik,343.6426,Omi
18246,3.9022,31.883635,2.84,B1Ib,Per,,230.4147,Zet
18532,3.96423,40.010215,2.9,B0.5V,Per,,195.6947,Eps
18614,3.98275,35.791033,3.98,O7.5Iab:,Per,Menkib,381.6794,Xi
22449,4.830669,6.961276,3.19,F6V,Ori,Tabit,8.0684,Pi-3
22509,4.843534,8.900176,4.35,A1Vn,Ori,,68.8231,Pi-2
22549,4.853434,5.605104,3.68,B2III SB,Ori,,322.5806,Pi-4
22730,4.889659,2.508225,5.33,M1III,Ori,,181.1594,
22845,4.914924,10.150833,4.64,A0V,Ori,,35.6633,Pi-1
23015,4.949894,33.16609,2.69,K3IIvar,Aur,Hassaleh,151.2859,Iot
23123,4.975806,1.714016,4.47,K2IIvar,Ori,,289.8551,Pi-6
23453,5.041301,41.075837,3.69,K4II comp,Aur,Saclateni,240.9639,Zet
24436,5.242298,-8.20164,0.18,B8Ia,Ori,Rigel,264.5503,Bet
24608,5.27815,45.997991,0.08,M1: comp,Aur,Capella,13.1234,Alp
25336,5.418851,6.349702,1.64,B2III,Ori,Bellatrix,77.3994,Gam
25428,5.438198,28.60745,1.65,B7III,Tau,Elnath,41.0509,Bet
25930,5.533445,-0.299092,2.25,O9.5II,Ori,Mintaka,212.3142,Del
26207,5.585633,9.934158,3.39,O...,Ori,Meissa,336.7003,Lam
26311,5.603559,-1.20192,1.69,B0Ia,Ori,Alnilam,606.0606,Eps
26727,5.679313,-1.942572,1.74,O9.5Ib SB,Ori,Alnitak,225.7336,Zet
27366,5.795941,-9.669605,2.07,B0.5Iavar,Ori,Saiph,198.4127,Kap
27913,5.906386,20.276174,4.39,G0V,Ori,,8.6633,Chi-1
27989,5.919529,7.407063,0.45,M2Ib,Ori,Betelgeuse,152.6718,Alp
28360,5.992149,44.947433,1.9,A2V,Aur,Menkalinan,24.8694,Bet
28380,5.995351,37.212585,2.65,A0p Si,Aur,Mahasim,50.7614,The
28614,6.039722,9.647276,4.12,Am...,Ori,,47.5059,Mu
28691,6.057602,19.690561,5.14,B8V,Ori,,220.2643,
29038,6.126201,14.768472,4.42,B3IV,Ori,,158.2278,Nu
29426,6.198999,14.208765,4.45,B3IV,Ori,,186.2197,Xi
30122,6.338553,-30.063367,3.02,B2.5V,CMa,Furud,111.1111,Zet
30324,6.378329,-17.955918,1.98,B1II/III,CMa,Mirzam,151.0574,Bet
30438,6.399195,-52.69566,-0.62,F0Ib,Car,Canopus,94.7867,Alp
31416,6.584274,-22.964793,4.54,A0III,CMa,,135.318,Xi-2
31592,6.611399,-19.255879,3.95,K1III+...,CMa,,19.7511,Nu-2
31685,6.629353,-43.195934,3.17,B8III SB,Pup,,113.8952,Nu
32349,6.752481,-16.716116,-1.44,A0m...,CMa,Sirius,2.6371,Alp
33152,6.902209,-24.184211,3.89,K3Iab,CMa,,100000.0,Omi-1
33160,6.903167,-12.038628,4.08,K4III,CMa,,79.9361,The
33347,6.935618,-17.054242,4.36,B3Ib/II,CMa,,769.2308,Iot
33579,6.977097,-28.972084,1.5,B2II,CMa,Adhara,124.2236,Eps
33856,7.028652,-27.93483,3.49,K4III,CMa,Nganurganity,343.6426,Sig
33977,7.050409,-23.833291,3.02,B3Ia,CMa,,847.4576,Omi-2
34045,7.062637,-15.633286,4.11,B8II,CMa,Muliphein,135.5014,Gam
34444,7.139857,-26.3932,1.83,F8Ia,CMa,Wezen,492.6108,Del
35037,7.246849,-26.772667,4.01,B2IV/Ve,CMa,,279.3296,Ome
35904,7.401584,-29.303104,2.45,B5Ia,CMa,Aludra,609.7561,Eta
39429,8.059737,-40.003148,2.21,O5IAf,Pup,Naos,332.2259,Zet
41037,8.375236,-59.509483,1.86,K3III+B2V,Car,Avior,185.5288,Eps
42568,8.676953,-59.761003,4.31,B1.5III,Car,,442.4779,
45080,9.182804,-58.966896,3.43,B2IV,Car,,136.9863,
45238,9.220041,-69.717208,1.67,A2IV,Car,Miaplacidus,34.6981,Bet
45556,9.284838,-59.275229,2.21,A8Ib,Car,Aspidiske,234.7418,Iot
50099,10.228961,-70.037903,3.29,B8III,Car,,104.8218,Ome
50371,10.28472,-61.332304,3.39,K3II,Car,,201.6129,
51232,10.464649,-58.739403,3.81,F2II,Car,,411.5226,
52419,10.715949,-64.39445,2.74,B0Vp,Car,,139.6648,The
52468,10.725639,-60.566619,4.58,K3Ib,Car,,349.6503,
53253,10.891559,-58.853171,3.78,K0III-IV...,Car,,29.129,
54463,11.143165,-58.975037,3.93,G0Ia0,Car,,100000.0,
57380,11.764322,6.529376,4.04,M0III,Vir,,90.0901,Nu
59747,12.252427,-58.748928,2.79,B2IV,Cru,Imai,105.8201,Del
60030,12.311199,-0.787184,5.9,A5Vn,Vir,,114.5475,
60718,12.443311,-63.099092,0.77,B0.5IV,Cru,Acrux,98.7167,Alp-1
61084,12.519429,-57.113212,1.59,M4III,Cru,Gacrux,27.1518,Gam
61941,12.694345,-1.449375,2.74,F0V+...,Vir,Porrima,11.685,Gam
62434,12.795359,-59.688764,1.25,B0.5III,Cru,Mimosa,85.3971,Bet
63090,12.926725,3.39747,3.39,M3III,Vir,Minelauva,60.8273,Del
63608,13.036278,10.95915,2.85,G8IIIvar,Vir,Vindemiatrix,33.6022,Eps
65474,13.419883,-11.161322,0.98,B1V,Vir,Spica,76.5697,Alp
66249,13.57822,-0.59582,3.38,A3V,Vir,Heze,22.7118,Zet
67459,13.824623,15.797905,4.05,K5IIIvar,Boo,,80.7754,Ups
67927,13.911411,18.397717,2.68,G0IV,Boo,Muphrid,11.396,Eta
68520,14.027443,1.544532,4.23,A3V,Vir,,68.9655,Tau
69427,14.214929,-10.273702,4.18,K3III,Vir,Kang,78.125,Kap
69673,14.26103,19.18241,-0.05,K2IIIp,Boo,Arcturus,11.2575,Alp
69701,14.266908,-6.000547,4.07,F7V,Vir,Syrma,22.237,Iot
71053,14.5305,30.371437,3.57,K3III,Boo,,49.0918,Rho
71075,14.534636,38.308253,3.04,A7IIIvar,Boo,Seginus,26.6099,Gam
71795,14.68582,13.7283,3.78,A3IVn,Boo,,53.8793,Zet
71957,14.717673,-5.658207,3.87,F2III,Vir,,18.2715,Mu
72105,14.749784,27.074222,2.35,A0,Boo,Izar,62.1118,Eps
72220,14.770812,1.892885,3.73,A0V,Vir,,41.2371,
72607,14.845105,74.155505,2.07,K4IIIvar,UMi,Kochab,40.1445,Bet
73555,15.032436,40.390566,3.49,G8III,Boo,Nekkar,69.0608,Bet
74666,15.258376,33.314833,3.46,G8III,Boo,,37.3413,Del
75097,15.345483,71.834016,3.0,A3II-III,UMi,Pherkad,149.2537,Gam
77055,15.734299,77.794493,4.29,A3Vn,UMi,,113.1222,Zet
78265,15.980865,-26.114105,2.89,B1V + B2V,Sco,Fang,179.5332,Pi
78401,16.005557,-22.62171,2.29,B0.2IV,Sco,Dschubba,150.6024,Del
78820,16.09062,-19.805453,2.56,B0.5V,Sco,Acrab,123.9157,Bet-1
79822,16.291791,75.75533,4.95,F5V,UMi,,29.7354,Eta
80763,16.490128,-26.432002,1.06,M1Ib + B2.5V,Sco,Antares,169.7793,Alp
81266,16.598043,-28.216016,2.82,B0V,Sco,Paikauhale,145.3488,Tau
82080,16.766159,82.037262,4.21,G5IIIvar,UMi,,93.1966,Eps
82396,16.83608,-34.293232,2.29,K2IIIb,Sco,Larawag,19.5351,Eps
82514,16.864509,-38.04738,3.0,B1.5IV + B,Sco,Xamidimura,153.6098,Mu-1
82671,16.899924,-42.362025,4.7,B1Iae,Sco,,787.4016,Zet-1
84143,17.202552,-43.239189,3.32,F3p,Sco,,22.5276,Eta
85822,17.536918,86.58646,4.35,A1Vn,UMi,Yildun,52.7704,Del
85927,17.560145,-37.103821,1.62,B1.5IV+...,Sco,Shaula,175.1313,Lam
86228,17.62198,-42.997824,1.86,F1II,Sco,Sargas,92.081,The
86670,17.708132,-39.029983,2.39,B1.5III,Sco,,148.1481,Kap
87073,17.793078,-40.126997,2.99,F3Ia,Sco,,591.716,Iot-1
91262,18.61564,38.783692,0.03,A0Vvar,Lyr,Vega,7.6787,Alp
91971,18.746209,37.605115,4.34,Am,Lyr,,47.8698,Zet-1
92420,18.834665,33.362667,3.52,A8:V comp SB,Lyr,Sheliak,294.9853,Bet
92791,18.908412,36.898613,4.22,M4IIvar,Lyr,,225.7336,Del-2
93194,18.982395,32.689557,3.25,B9III,Lyr,Sulafat,190.1141,Gam
94779,19.28504,53.368459,3.8,K0III,Cyg,,38.0662,Kap
95853,19.495098,51.729779,3.76,A5Vn,Cyg,,37.2024,Iot-2
95947,19.512023,27.959681,3.05,K3II+...,Cyg,Albireo,133.1558,Bet-1
97165,19.749574,45.13081,2.86,B9.5III,Cyg,Fawaris,50.5817,Del
98110,19.938438,35.083424,3.89,K0IIIvar,Cyg,,41.3736,Eta
100453,20.370473,40.256679,2.23,F8Ib,Cyg,Sadr,561.7978,Gam
102098,20.690532,45.280338,1.25,A2Ia,Cyg,Deneb,432.9004,Alp
102488,20.770178,33.970256,2.48,K0III,Cyg,Aljanah,22.2916,Eps
104732,21.215607,30.226916,3.21,G8II SB,Cyg,,43.8789,Zet
107310,21.73571,28.742632,4.49,F6V,Cyg,,22.237,Mu-1
107608,21.795598,-30.898304,5.02,A1V,PsA,,98.4252,The
108661,22.013951,-28.453736,5.43,B8/B9V+...,PsA,,250.6266,Eta
109422,22.169093,-32.548407,4.94,F6V,PsA,,18.2782,Tau
111188,22.52509,-32.346073,4.29,A1V,PsA,,43.7828,Bet
111954,22.677594,-27.043617,4.18,B8V,PsA,,149.2537,Eps
113246,22.932472,-32.539628,4.2,G8III,PsA,,47.259,Del
113368,22.960838,-29.622236,1.17,A3V,PsA,Fomalhaut,7.7036,Alp
